<?xml version="1.0" encoding="UTF-8" standalone="yes"?>
<addon id="repository.tg_95" name="TG_95 Addons & Repository" version="0.01" provider-name="TG_95">
    <extension point="xbmc.addon.repository" name="TG_95 Addons & Repository">
        <dir>
            <info compressed="false">https://github.com/xsatx-tg95/repo/addons.xml</info>
            <checksum>https://github.com/xsatx-tg95/repo/addons.xml.md5</checksum>
            <datadir zip="true">https://github.com/xsatx-tg95/repo/</datadir>
        </dir>
    </extension>
    <extension point="xbmc.addon.metadata">
        <summary>TG_95 Addons & Repository</summary>
        <description>My Personal Repo</description>
        <disclaimer>Tutto OK</disclaimer>
        <platform>all</platform>
        <assets>
            <icon>img/icon.png</icon>
            <fanart>img/fanart.jpg</fanart>
        </assets>
    </extension>
</addon>