<?xml version="1.0" encoding="UTF-8"?>
    <addon id="repository.teopost" name="Teopost Kodi Repo" version="1.0.7" provider-name="Stefano Teodorani">
        <requires>
            <import addon="xbmc.addon" version="12.0.0"/>
        </requires>
        <extension point="xbmc.addon.repository" name="Teopost Kodi Repo">
            <info compressed="false">https://raw.githubusercontent.com/teopost/kodi-repo-teopost/master/addon_build/addons.xml</info>
            <checksum>https://raw.githubusercontent.com/teopost/kodi-repo-teopost/master/addon_build/addons.xml.md5</checksum>
            <datadir zip="true">https://raw.githubusercontent.com/teopost/kodi-repo-teopost/master/addon_build/</datadir>
            <hashes>false</hashes>
        </extension>
        <extension point="xbmc.addon.metadata">
            <summary>Pochi plugin, ma solo quelli che servono</summary>
            <description>In questo repository non troverete migliaia di inutili plugin.[CR]Solo poche cose ma quelle secondo me essenziali.</description>
            <platform>all</platform>
    </extension>
</addon>